repo,introduced,removed,resolution_rate
ADIOS2,526,147,0.279467680608365
Trilinos,12871,4760,0.36982363452723177
dyninst,282,128,0.45390070921985815
hypre,1196,416,0.34782608695652173
kokkos,1117,595,0.5326768128916741
legion,435,172,0.3954022988505747
spack,934,547,0.5856531049250535
tau2,1044,299,0.28639846743295017
visit,548,82,0.14963503649635038
